timestamp,gross_return,execution_cost,strategy_return,equity_curve,turnover
2026-04-01 00:00:00+00:00,0.0025539629742319056,5e-05,0.0025039629742319054,1.0025039629742318,0.016360134549950563
2026-04-02 00:00:00+00:00,0.007127885564931568,5e-05,0.0070778855649315684,1.0095995713025538,0.10432491979655216
2026-04-03 00:00:00+00:00,-0.005763248609806491,5e-05,-0.005813248609806491,1.003730517998218,0.07305678825661457
2026-04-04 00:00:00+00:00,0.00713206595801674,5e-05,0.00708206595801674,1.0108390037307557,0.15106425633251022
2026-04-05 00:00:00+00:00,0.013687453358307622,5e-05,0.013637453358307622,1.0246242734968922,0.1474027502509313
2026-04-06 00:00:00+00:00,0.00901569244940869,5e-05,0.00896569244940869,1.0338107396092642,0.0639136117798616
2026-04-07 00:00:00+00:00,-0.0012804509028044545,5e-05,-0.0013304509028044544,1.032435305177422,0.17199289716185664
2026-04-08 00:00:00+00:00,0.001916946664873792,5e-05,0.001866946664873792,1.034362806827121,0.05945603248382016
2026-04-09 00:00:00+00:00,0.00023903166596912063,5e-05,0.00018903166596912063,1.034558334151712,0.09755971196939146
2026-04-10 00:00:00+00:00,0.005781916278529776,5e-05,0.005731916278529777,1.0404883359083248,0.05351406539649246
2026-04-11 00:00:00+00:00,0.006691665419012365,5e-05,0.006641665419012365,1.0473989113078128,0.16912740690832376
2026-04-12 00:00:00+00:00,0.0059601019350884275,5e-05,0.005910101935088428,1.0535891456403426,0.037983328988943084
2026-04-13 00:00:00+00:00,0.0008354210224407555,5e-05,0.0007854210224407554,1.0544166567043438,0.017634805296695928
2026-04-14 00:00:00+00:00,0.008476136690169837,5e-05,0.008426136690169837,1.0633013155821265,0.08396650020051644
2026-04-15 00:00:00+00:00,0.0037260672642147282,5e-05,0.003676067264214728,1.0672100827403344,0.17870384588949229
2026-04-16 00:00:00+00:00,-0.005826905732759316,5e-05,-0.005876905732759316,1.0609381896870191,0.16158513526333537
2026-04-17 00:00:00+00:00,-0.0030150056453939916,5e-05,-0.0030650056453939917,1.0576864081462143,0.13726336330768135
2026-04-18 00:00:00+00:00,0.006543954725968792,5e-05,0.006493954725968793,1.0645549757949884,0.16143472344934923
2026-04-19 00:00:00+00:00,0.006684842169412362,5e-05,0.006634842169412362,1.071618130040051,0.16188592874863675
2026-04-20 00:00:00+00:00,-5.334408989791334e-07,5e-05,-5.0533440898979136e-05,1.0715639774886103,0.09820592126569633
2026-04-21 00:00:00+00:00,-0.0009710090175258761,5e-05,-0.0010210090175258762,1.0704699010047385,0.06370793881123481
2026-04-22 00:00:00+00:00,0.004542692719708378,5e-05,0.004492692719708378,1.0752791933356496,0.14124211345886797
2026-04-23 00:00:00+00:00,0.009162297638453018,5e-05,0.009112297638453018,1.0850774573897597,0.12248241473851937
2026-04-24 00:00:00+00:00,-0.0007526122708953756,5e-05,-0.0008026122708953756,1.0842065609075866,0.0735218139085307
2026-04-25 00:00:00+00:00,-0.0027239603195743723,5e-05,-0.0027739603195743724,1.0811990149294068,0.026059333570457595
2026-04-26 00:00:00+00:00,0.002175361563515253,5e-05,0.0021253615635152528,1.0834969537582484,0.13695423392933442
2026-04-27 00:00:00+00:00,-0.004192626135984111,5e-05,-0.0042426261359841105,1.0789000812639744,0.054618287706886995
2026-04-28 00:00:00+00:00,0.0029911972634213643,5e-05,0.002941197263421364,1.082073339230493,0.16925823559074246
2026-04-29 00:00:00+00:00,0.0033316748034911163,5e-05,0.003281674803491116,1.0856243520433753,0.050964997750966405
2026-04-30 00:00:00+00:00,0.0034619112216567553,5e-05,0.003411911221656755,1.089328405952616,0.030868848509952626
2026-05-01 00:00:00+00:00,0.01577986272626732,5e-05,0.015729862726267318,1.1064633922420744,0.15128915426123404
2026-05-02 00:00:00+00:00,-0.002566188117969232,5e-05,-0.0026161881179692322,1.1035686758623227,0.03605833382616398
2026-05-03 00:00:00+00:00,-0.003328147649315069,5e-05,-0.0033781476493150693,1.0998406579341007,0.04047561238681564
2026-05-04 00:00:00+00:00,0.005499163643384719,5e-05,0.0054491636433847196,1.1058338696608314,0.11189507455854338
2026-05-05 00:00:00+00:00,-0.004795051842543569,5e-05,-0.004845051842543568,1.1004760472330841,0.15867554694236896
2026-05-06 00:00:00+00:00,0.008488600507590418,5e-05,0.008438600507590419,1.1097625249638563,0.04339389317147745
2026-05-07 00:00:00+00:00,-0.0004604216951151006,5e-05,-0.0005104216951151006,1.109196078094689,0.0627550243930161
2026-05-08 00:00:00+00:00,-0.005689126634130202,5e-05,-0.005739126634130202,1.102830261340423,0.14215882250100018
2026-05-09 00:00:00+00:00,0.005576264752976926,5e-05,0.005526264752976926,1.108924793342185,0.17521049243036443
2026-05-10 00:00:00+00:00,-0.005044268072337849,5e-05,-0.005094268072337848,1.1032756331728382,0.09512600165439818
2026-05-11 00:00:00+00:00,0.005711430032664784,5e-05,0.005661430032664784,1.10952175097679,0.03446257543371263
2026-05-12 00:00:00+00:00,0.0042707107317974035,5e-05,0.004220710731797404,1.1142047213383004,0.012369168910394263
2026-05-13 00:00:00+00:00,-0.0044316698924786,5e-05,-0.0044816698924785995,1.109211223584621,0.049041525099805396
2026-05-14 00:00:00+00:00,0.0020315615260803823,5e-05,0.001981561526080382,1.1114091938695727,0.03240977702370857
2026-05-15 00:00:00+00:00,0.0012001378258132433,5e-05,0.0011501378258132434,1.1126874676233987,0.12520197451418577
2026-05-16 00:00:00+00:00,0.0019345578964488931,5e-05,0.0018845578964488932,1.1147843915767879,0.03071152578685029
2026-05-17 00:00:00+00:00,0.0066342872012269665,5e-05,0.006584287201226967,1.1221244521783744,0.0960760883755076
2026-05-18 00:00:00+00:00,0.001969887951177712,5e-05,0.0019198879511777122,1.1242788053938335,0.1280246140592907
2026-05-19 00:00:00+00:00,0.005248177654117643,5e-05,0.005198177654117643,1.1301230063570298,0.10878982356755339
2026-05-20 00:00:00+00:00,0.0008465693003200185,5e-05,0.0007965693003200184,1.1310232276494792,0.043961860782209795
2026-05-21 00:00:00+00:00,0.002441659670567886,5e-05,0.002391659670567886,1.133728250289524,0.14670116945098466
2026-05-22 00:00:00+00:00,0.0049052752260374905,5e-05,0.004855275226037491,1.1392328129762137,0.13161921203468627
2026-05-23 00:00:00+00:00,0.010131521902960799,5e-05,0.0100815219029608,1.150718013532805,0.13562728066564209
2026-05-24 00:00:00+00:00,0.0019416327577725697,5e-05,0.0018916327577725698,1.1528947494221626,0.03227981776474325
2026-05-25 00:00:00+00:00,0.003026683110908128,5e-05,0.0029766831109081277,1.1563265517514223,0.03103814662055858
2026-05-26 00:00:00+00:00,0.004239920507352062,5e-05,0.004189920507352062,1.1611714680838012,0.16768563367110628
2026-05-27 00:00:00+00:00,0.0016210242088321228,5e-05,0.001571024208832123,1.162995696570766,0.0775882929502399
2026-05-28 00:00:00+00:00,0.01112357744088765,5e-05,0.01107357744088765,1.1758742194801615,0.06116127760275975
2026-05-29 00:00:00+00:00,-0.0058739840329913515,5e-05,-0.005923984032991351,1.168908359379155,0.09305928770976066
2026-05-30 00:00:00+00:00,0.0073316041530586615,5e-05,0.007281604153058662,1.177419887343355,0.122686916169809
2026-05-31 00:00:00+00:00,0.011756662355633794,5e-05,0.011706662355633795,1.1912035444152922,0.1724559536979849
2026-06-01 00:00:00+00:00,0.002051172215897579,5e-05,0.0020011722158975787,1.1935873478518548,0.05869585856994935
2026-06-02 00:00:00+00:00,-0.00153182206875604,5e-05,-0.00158182206875604,1.1916993050440348,0.16721743298304462
2026-06-03 00:00:00+00:00,0.004580800785786802,5e-05,0.004530800785786803,1.1970986571917497,0.014226113535663575
2026-06-04 00:00:00+00:00,0.0054808313745085555,5e-05,0.005430831374508556,1.2035998981376088,0.10438366719556018
2026-06-05 00:00:00+00:00,0.006072100093439462,5e-05,0.006022100093439463,1.210848097196647,0.11777576898578446
2026-06-06 00:00:00+00:00,-0.0021508205201887505,5e-05,-0.0022008205201887506,1.2081832378575053,0.02800255863762806
2026-06-07 00:00:00+00:00,-0.0029689329071848837,5e-05,-0.003018932907184884,1.204535813722828,0.03385773150086514
2026-06-08 00:00:00+00:00,0.006537426345051508,5e-05,0.006487426345051508,1.2123501510943315,0.08124943428377164
2026-06-09 00:00:00+00:00,-0.001017391139147627,5e-05,-0.001067391139147627,1.211056099285509,0.1742594250643409
2026-06-10 00:00:00+00:00,0.008824941528033039,5e-05,0.008774941528033039,1.221683045743907,0.11132723404984336
2026-06-11 00:00:00+00:00,0.00779966794082506,5e-05,0.00774966794082506,1.231150683677358,0.1686139476720359
2026-06-12 00:00:00+00:00,0.006260056459211601,5e-05,0.006210056459211601,1.2387961989327914,0.146741355654205
2026-06-13 00:00:00+00:00,-0.003939557357187101,5e-05,-0.0039895573571871006,1.2338539504432837,0.08945487226439955
2026-06-14 00:00:00+00:00,-0.0013854652997080698,5e-05,-0.0014354652997080697,1.2320827959125147,0.14340978637287186
2026-06-15 00:00:00+00:00,0.005331494549287931,5e-05,0.005281494549287931,1.238590034483398,0.013032253276087915
2026-06-16 00:00:00+00:00,-0.0027162190536230467,5e-05,-0.002766219053623047,1.2351638231303823,0.02855447945017494
2026-06-17 00:00:00+00:00,0.0015014857757523422,5e-05,0.0014514857757523423,1.23695664585038,0.15100286453006517
2026-06-18 00:00:00+00:00,0.004864250836564825,5e-05,0.004814250836564825,1.2429116654174595,0.1454589050152775
2026-06-19 00:00:00+00:00,-0.0018672950859857165,5e-05,-0.0019172950859857164,1.2405286369890403,0.04954892613429373
